2018-06-02,"What are some advantages of #Cryptocurrency?

#CyberSecurity #blockchain #Crypto #btc #bitcoin #smartcontracts #fintech  #ETH #DLT #security @JacBurns_Comext via @Blockgks"
2018-06-02,"UPDATE #Verge
#RSK is coming for #Verge!

#vergecurrency #XVG #NextBitcoin #privacy #VergeFam #VergeArmy #Bitcoin #btc #cryptocurrency"
2018-06-02,"UPDATE #Verge
Price target: 0,15$
Great news are coming from #Verge! (RSK/Ledger/meetup etc.)

#vergecurrency #XVG #NextBitcoin #privacy #VergeFam #VergeArmy #Bitcoin #btc #cryptocurrency"
2018-06-02,"Watch @officialmcafee tear it up in AC! DM for tickets
.
.
.
.
#bitcoin #ripple #bwc #cryptocurrency #bwcevent #blockchaintechnology #ethereum #blockchainworldconference #event #crypto #bwc18 #xrp #btc #blockchainnews #bitcoinnews"
2018-06-02,"The Blockshipping ICO is still open! Join us now at  and secure your tokens today!

#ICO #Cryptocurrency #Tokensale #revenue #shipping #CCC #token #blockchain #crypto #btc #blockshipping"
2018-06-02,"Japanese #GMO Internet Group to Launch #SuperMon #Miner for #Bitcoins #GMOMinerB2 June 7

#BTC #ETH #XRP #Bitcoin #Etherium #Ripple #TradingBot #TradingStrategy #TradingSignals #TradingRobot #Bittrex #Binance #LiveTrading #OnlineTrading #ICO #Mining"
2018-06-02,"#Lindacoin team is proud to announce the release of our official whitepaper! Please direct your attention to  for download access!

#crypto #cryptocurrency #ada #btc #ltc #xvg #eth #bcn #trx #eos"
2018-06-02,"What is most likely to happen by the end of 2018 and which #ROI option would you prefer (based on today’s prices)?

#Bitcoin #BTC #Ethereum #Eth #Litecoin #LTC #DigiByte #DGB #cryptocurrency #crypto #cryptocurrencies #blockchain #BitcoinCash #BitcoinPrivate  #EOS #Cardano #Ripple"
2018-06-02,"Our new mobile app will be available for purchase on both Android and IOS. This will allow everyone to enjoy mobile stake rewards and one click masternodes at the convenience of your pocket. #Lindacoin #Linda #BTC"
2018-06-02,"What #cryptocurrency would you like to see FIRST as a payment method?

#Crypto #altcoins #DigiByte #xrp #XRPCommunity #xrparmy @Ripple @Bitcoin @DigiByteCoin #Bitcointalk #Bitcoin #bitcoinwillwin #cryptocurrency #cryptocurrencies #blockchain #DGB #BTC"
2018-06-02,"Join us in our $100,000 IPG AirDrop & 5% Referral Program!#IPGoldHQ #IPGold #ico #blockchain #COMSA #CMS #XEM #NEM #BTC #ETH #Bounty #AirDrop"
2018-06-02,"Read more about at
#blockchain #btc #crypto #cryptocurrency #bitcoin #ICO #Ethereum  #altcoin #ETH #crowdsale #token #tokens #tokensale #crowdsale #preICO #presale #cryptocurrencies #ICOcoin #ICOtoken #startup #bitcointalk #DAPP #investment #decentralized"
2018-06-02,"The new #Lindacoin #whitepaper was just released! With $Linda you're not just investing in/ speculating on a coin or tech. You're investing in a ambitious, intelligent, hard-working team with integrity!  #crypto #btc #ltc #eth #trx #eos #TRX教団 #cryptocurrencies #eca #xvg #poe"
2018-06-03,"How can the democratization of #bigdata give more companies access to big data analytics? Our CEO @JasonC_BDB explores the possibilities.

#blockchain #ico #cryptocurrency #btc"
2018-06-03,"This almost looks like a periscope coming from a submarine #Maxcoin  #cryptocurrency #BTC"
2018-06-03,"$BTC Daily Chart.  Making slow, but stead progress.  Got the candle close over the 10 ema and now face a test of the 20 ema as well as Fib Cluster resistance in this area.  On a dip, I want to see the 10 ema act as support.    #BTC #Bitcoin"
2018-06-03,"i cannot believe the #BTC community is stooping so low
to start attacking people who are volunteering their time
to help others who are in need
in the most direct & efficient way now possible

People who live on less than $2 a day
#BCHforEveryone

@eatBCH_VE
@eatBCH_SS"
2018-06-03,"Credit: Newbiks Cube in @CryptopolisChat
#bart #bitcoin #btc $btc"
2018-06-03,"If Bitcoin/Crypto Charts Looked Like This No One Would Be Using Them.

Yet People Still Believe In The US Doller...

#bitcoin #btc #blockchain #cryptocurrency #crypto"
2018-06-03,"Benefits of using #blockchain technology!

#fintech #IoT #BigData #AI #digital #disruption #crypto #Security #Startups #innovation #infosec #business #BTC #cybersecurity #ICO #cryptocurrency

@Fisher85M @JacBurns_Comext @antgrasso @evankirstel MT"
2018-06-03,"#btc #xvg #eth #cryptocurrency Time to set next market cap....Hopefully to 2.8 trillion by year end...Just following historical data"
2018-06-03,"FREE BITTREX TRADING BOT / CRYPTO CURRENCIES TRADING SIGNALS 24/7 live
 via @YouTube
#NEWS #BTC #ETH #XRP #Bitcoin #Etherium #Ripple #ICO #Mining #FF #Bittrex #Binance #Cryptocurrency #Trading #Robot #Strategy #LIVE #Signals #Bot"
2018-06-03,"Thank you #producthunt!
We're in todays most popular list!

Launch a #server with your favourite #hosts such as #digitalocean using #bitcoin, #ethereum, #monero and more!

Get a free trial today when signing up!

#BTC #ETH #DASH #LTC"
2018-06-03,"A great #giveaway!
1 #ETH + 1 #ZEC + 10.000 #lend !!
What you have to do:
1. Follow me
2. Retweet
That‘s it! Winner will be announced on Monday! #cryptocurrency #crypto #hodl #moon #btc #ethlend #bitcoin #zcash #ethereum #ltc #xrp #iota #ada #stellar #xlm #neo #xmr #tron"
2018-06-03,"Tron #TRX #GIVEAWAY

5,300 #TRX

RETWEET AND FOLLOW

COMMENT YOUR ADDRESS

 #trx #tron #xvg #xrp #ada #sub #elf #poe #btc #eth #ltc #vibe #neo #bcc #fun #cnd #xlm #eos #iota #dash #moreno #hodl #futures"
2018-06-03,"If #BTC (#bitcoin) hits $8000 on tonight
I will send 0.0005 $BTC to EVERYONE that RETWEETS and LIKES this

-@RedditBTC-"
2018-06-03,"Safex News will be in #Norway - #Oslo and #Sandefjord next week if any #Safex fans want to meet for drinks and discuss crypto!

#CryptoCurrency #Blockchain #BTC $BTC $Safex #altcoin #privacycoin"
2018-06-03,"Join the Blockshipping ICO at



#blockshipping #ICO #Cryptocurrency #Tokensale #revenue #shipping #CCC #token #blockchain #crypto #btc #supplychain"
2018-06-03,"IoTeX - The future of blockchain technology!

IoTeX - strong scalability, privacy, isolatability and developability for incubating new IoT applications and ecosystems.

#IoTeX #IOTX #trx #bcn #icx #ven #ltc #xvg #btc #iota #monero #eos #neo #eth #CyberMiles #bnb #dash #xrp"
2018-06-03,"Cool stuff.But where does this leave the labour market ?#cryptolemonade #cryptocurrency #crypto #cryptomemes #cryptotrading #cryptotrader #investor #cryptolife #ico #bitcoin #ethereum #ico #altcoin #lifestyle #cryptonews #wallstreet #blockchain #btc #technology #Job"
2018-06-03,"Most of #cryptotwitter is posting TA showing potential liftoff for a lot of coins. @LandM_Marius warning of #btc falling back to 6900 range before liftoff is lingering in the background .. will watch closely next few days"
2018-06-03,"UPDATE #Verge
#XVG is moving!

#vergecurrency #XVG #NextBitcoin #privacy #VergeFam #VergeArmy #Bitcoin #btc #cryptocurrency"
2018-06-03,"$BTC #BTC #bitcoin

1D-Test of trendline & rejected @ 7.8k. EMA support. Stoch seeking OS. RSI headingmidline. MACD with + cross.

2H- Watching ascending wedge. BB pinch. RSI trending Needs vol to break upper trendline & test 7.8k-8k.

Please Like/RT if you find useful."
2018-06-03,"Pundix to be listed on the Bit_z Exchange


 …

@zibin @PundiXLabs @BitZExchange @OKEx_ @NEMofficial
@hirozakifaraday

#btc #eth #ltc #xrp #trx #npxs #eos #neo #ont #okex #bitz  #btcturk #binance"
2018-06-03,"$deal is on this moment very cheap, only 18 sats. The max supply is 5 billion and thats really not much. They have nice plans the upcoming 2 years, watch the site of them :) You can buy this coin by  #btc #deal  buy this coin with #btc #ltc is to cheap."
2018-06-03,"Somebody Just pumped the buyorders from #hexx with 10% . We are Just 1 announcement away from a huge breakout!
● New #Exchanges are allmost ready
● There OWN Exchange is coming out soon
● #Fork with #btc
● #Masternodes
● 15 million marketcap
●  50% dip from ath

#hexxcoin"
2018-06-03,"For the first time blockchain technology can be used to raise money for small business projects and for crypto entrepreneurs, to grow their altcoin collection.   #ico #crowdsale #cryptocurrencies #blockchain #crypto #bitcoin #ethereum #btc #eth #token"
2018-06-03,"Retweet this tweet
Update of the #crypto #market
#bitcoin #ethereum #ripple #bitcoincash @CoinMarketCap @cz_binance #btc #eth #trading #trader #trade #binance #HitBTC #KeepYourHairLongTaehyung #TamZamaniAliKoc #FelizDomingo #مجمع_سيلفي_للاتصالات1 #ItalianGP #green #pump"
2018-06-03,"Big things coming in the #summerofcrypto. Mandala Breaking the mold and bringing you $MDX
#BTC #LTC #ETH #summervibes #cryptocurrency #myMDX"
2018-06-03,"Brilliant! #bitcoin #BTC"
2018-06-03,"13 Best #CryptoCurrency Investment Courses for #Business



#CryptoCurrencies #Blockchain #Etherum #Bitcoin #Litecoin #altcoin #Crypto #BTC #ETH #LTC #IoT #IIoT #tech #mining #Cryptography #BigData #security #trading #StockMarket #Investment"
2018-06-03,"Registration for the 50,000 $Deal coin will begin in 3 weeks

Join us


#poker #cryptopoker #btc #ltc #xrp #xvg #neo #asian #Chinese #indian #GiveAway #iDealCash #texasholdem #omaha #nolimit #potlimit #PPPoker #cryptocurrencynews #CryptoNews
#joinus"
2018-06-03,"#Baidu is working on a #Blockchain protocol that reduces energy consumption for #mining.
#news #crypto #bitcoin #etherium #Ripple #ICO #BTC #ETH #LTC #XRP #blockchain #trading  #strategy #robot #AI #FF #Bittrex #Binance"
2018-06-03,"IoTeX is developing several in-house innovations to push the frontier of blockchain 3.0, including a blockchain-in-blockchain architecture for heterogeneous computing, fast and robust Roll-DPoS consensus scheme

#IoTeX #IOTX #icx #ven #ltc #xvg #btc #iota #eos #eth #dash #xrp"
2018-06-03,"Here we go again))
Don't miss opportunity to try the future of cryptotrading
#bitcoin #blockchain #crypto #Tokensale #ico #btc #trading #forextrading #Ethereum #NowPlaying"
2018-06-03,"$Zhash : A groundbreaking algorithm for #btcz and the #cryptocurrency world !

#BitcoinZ is the most #GPU friendly #minable #digital coin.
Its first priority is the #Community
and will always protect her versus the ASICs.

#altcoin #decentralized #Blockchain #BTC2 #btc #crypto"
2018-06-03,"Follow back!
#Bitcoin
#Ethereum
#follow
#followback
#blockchain
#crypto
#altcoin
#ICO
#bounty
#tokensale
#btc
#eth
#CryptoHunter
#ВзаимныйФолловинг
#ЧитаюВзаимно
#взаимно
#подпискавзаимно
#RuFollow
#fintech
#ripple
#Cryptocurrency
#investment
#ethereum #airdrop3"
2018-06-03,"Evidence found that some #crypto #coins are going back a loooong way #xvg #btc #dogecoin #ethereum"
2018-06-03,"How does Multi-Signature #Security Work? {Infographic}

#CyberSecurity #InfoSec #Cryptocurrency #Bitcoin @Fisher85M #Fintech #BTC #blockchain #Crypto #PKI

[via @Bloomberg]"
2018-06-03,"We're LIVE!  Giveaways, going over our mining intake, speculating, horsin' around, and kicking ass. Join us! #crypto #cryptocurrency #bitcoin #ethereum #eth #btc #cryptomining #gpumining #ada #trx #xrp #btcp #doge #btcz #cryptocurrencynews #airdrop #ico"
2018-06-03,"A Beginner’s Guide to Blockchain Programming by @heyfebin. How to build applications on it? -
#Blockchain #ethereum #cryptocurrency #technology #bitcoin #innovation #programming #tech #coding #100daysofcode #crypto #data #Iot #cloud #btc #tech"
2018-06-03,"If I have more money,I would like to have more #DGB #digibyte.It is certain it will be more valuable in the future.I believe that $10 USD is not a dream in a couple years. Now it is just $ 0,036 which is perfect to get.I suggest you to buy some if you can wait. #btc #bitcoin"
2018-06-03,"100K $COLX #ColossusXT #Giveaway to one lucky person.

For a chance of winning, Retweet this, Heart and Follow us.
Entries end time is when we reach 10K Followers on this Twitter Account.
Good Luck!

#COLX Infos:

#spreadthegrid #colossusxt #crypto #btc"
2018-06-04,"Bitcoin Cash (BCH) is the closest thing to #Bitcoin as you can get. #BTC is experimenting with a new coin that has little to do with Peer-to-Peer Electronic Cash. #BitcoinCash #BCH"
2018-06-04,"Meet #Ultra Team on YouTube! Another video is coming soon, but this time about the project! Stay tuned! #Bitcoin #BTC #Ethereum #ETH #EOS #Crypto #Blockchain #Gaming"
2018-06-04,"Are you a developer? Join #Modex and get paid!  #ModexICO #DECENTRALIZE #btc #eth #crypto #fintech #bounty"
2018-06-04,"SLATE VIDEO EASTER EGG HUNT! 10,000 SLX BOUNTY! For information on how to claim your Bounty:  Video:  #slatecurrency #blockchain #btc #eth #disruptive #decentralized #ico #dash #masternodes #entertainment #streaming"
2018-06-04,"This new, radically disruptive idea opens up vast sectors of the economy to tokenization and blockchain technology.   #ico #crowdsale #cryptocurrencies #blockchain #crypto #bitcoin #ethereum #btc #eth #token"
2018-06-04,"Read more at
#blockchain #btc #crypto #cryptocurrency #bitcoin #ICO  #Ethereum #IoT  #altcoin #ETH #crowdsale #token #tokens #tokensale #crowdsale #preICO #presale #cryptocurrencies #ICOcoin #ICOtoken #startup #bitcointalk  #decentralized #ltc #bitcoins"
2018-06-04,"Is June going to be the best month in #Crypto we've seen in a while???

#btc #eth #ltc #xvg #tpay #altcoin"
2018-06-04,"128000 $LINDA Coins!!! Almost $300 earned TODAY from #STAKING !!!!!!!!

As if a simple 90% ROI wasn't enough, Daily rewards seem to be increasing as the Daily Volume starts to grow :)

#btc #eth #xrp #trx #xlm #xmr #ada #cryptocurrency #crypto #mcafee #johnmcafee #neo #dash #hodl"
2018-06-04,"#BTC Update 06/03/18

This is the count posted from yesterday. If in fact we are in a wave 2, we just bounced off of the .50 which doesn't seem to want to hold. Golden zone is the next stop.

$sub $ada $icx $drgn $qsp $ven $xlm $nas $btc $ltc $eth $neo $trx $eos $xrp $ont"
2018-06-04,"One week 2 go!
MAIN-SALE with 30% Bonus
Don't miss this exclusive opportunity

#trustedcars #trustedcarsflex #flex #token #sale #ico #car #cryptocurrency #crypto #ethereum #ether #btc #startup #madeingermany #bitcoin #blockchain #tokensale #solution #mainsale"
2018-06-04,"#12FriendsOfCryptoTrader
 Risk Management Tools
Risk management system monitors accounts, open positions, orders, limits etc. at any point in time with no human input. Manage your risks effectively with Tradelize.
#Tradelize #cryptocurrency #cryptotrader #btc"
2018-06-04,"Coin of the week? 7 days to vote! Vote and Retweet! #crypto #cryptocurrency #bitcoin #btc #nem #xem #litecoin #ltc #verge #xvg #binance #bnb #miota #iota #tron #trx #electra #eca #digibyte #dgb #idealcash #deal #ideal #cryptos #coinmarketcap #bitcoincash #altcoins #stellar #ico"
2018-06-04,"My mini panther is focusing hard, trying to predict $PIVX charts

#btc #cryptocurrency #blockchain #ZPiv"
2018-06-04,"BCH Powered Charity ‘Eat BCH’ Starts Feeding People in South Sudan

Read more here
visit our website

#Peculium #PCL #BTC #ETH #CryptoSavings #AI #Cryptocurrency #neuralnetwork #technology #Charity #SouthSudan"
2018-06-04,"Ride the ""New Wave of Wealth""
- The future is #Cryptocurrency!
Ride the Wave of Digital Investing.
 Come ride with @Bitbosecoin !!
Register Now & Get 40% Extra Bonus

#monday #investment #Bitbose #preico #ETH #Bosetoken #Crypto #BTC"
2018-06-04,"great development, #electrum is one of the most reliable wallets out there, another great move towards mass recognition
$ONION @DeepOnionx #DeepOnion #btc #altcoin #privacycoin @torproject #Crypto"
2018-06-04,"$BTC #BTC

First support (horizontal) we are on now.

Doesn't look to good. Could be bouncing upwards for the next hours, but I'm expecting another drop.

Target levels for bounce area are in the picture.

Stay safe and trade safe."
2018-06-04,"Hi @officialmcafee, here is our #meme for you
Retweet this tweet

#bitcoin #ethereum #bitcoincash @CoinMarketCap #btc @bitcoinprivate #BitcoinPrivate #trade #binance #HitBTC #crypto #market #MondayMotivation #FelizLunes #onurcanözcan #BuenLunes #Selectividad2018 #btc #eth"
2018-06-04,"Price of the #Dollar today is: 0,00013292 #BTC

#Hyperbitcoinization #Bitcoin"
2018-06-04,"Have a great week Autobayers!  The competition was a success we'll be announcing the winner shortly.

#ETH #btc #btcc #BTCP #BTCPeek #BTCUSD #ethereum #BlockChain #bitcoin #cars #luxurycars #airdrop #airdrops #Bounty #ico #ICOs #Ripple #LitecoinFam #tron #howdoo #bitcoinnews"
2018-06-04,"ICOs Have Raised $7 Billion This Year, $2 Billion Just in May.

#trustedcars #trustedcarsflex #flex #token #sale #ico #car #cryptocurrency #crypto #ethereum #ether #btc #startup #madeingermany #bitcoin #blockchain #tokensale #solution #exchange"
2018-06-04,"#Credits NEWS ... Rumor that the speed tps during the test going on on #cs platform reached 1.5 million + ... during strees test next week that figure might reduce 10% which gives us 1.25 million + ... if this is the end result  #bitcoin #ethereum #btc #eth #cryptocurrencies"
2018-06-04,"When you’re working with tight stop losses!
#Forex #Trading #StockMarket #Crypto #EURUSD #GBPUSD #USDJPY #AUDUSD #GBPJPY #BTC #LTC #ETH"
2018-06-04,"Blockchain technology will revolutionize the world.  TIP Blockchain - the world is our stage.
#TipBlockchainICO #TipBlockchain #TokenSale #ICO #Crypto #Blockchain #Cryptocurrency #Revolution #innovation #Cryptocurrencies #BTC #ETH #bitcoin"
2018-06-04,"Which coin will achieve the best ROI medium term?? #ECA #PWR #COI #DAPS #PCN $ECA $PCN $DAPS $COI #BTC $BTC #crypto"
2018-06-04,"How to win at life!  Don’t be a sheep & follow the masses   Carve your own path to success & be happy! #YearOfTheDog  #MondayMotivation #DreamBig #Believe #achieve #success #MotivationalQuotes #Motivation #BeHappy #successful #Crypto #ICO #Bitcoin #btc #Happiness"
2018-06-04,"Get ahead of the game NOW:
#MindCrypto $BTC #BTC #Dollar #USD @tradingview #trading #market"
2018-06-04,"BRAKING @PrecioBTC  NEWS
@ToneVays in cryogenic suspension along with 7 other #btc holders,THEY will stay in cryogenic suspension until #btc is worth $10,000,000 iT is believed (unconfirmed) the other 7 R @MarkZuckerbe1rg @elonmusk @stacyherbert @KimKardashian @MrT @ProfFaustus"
2018-06-04,"IoTeX will be huge!

IoTeX AMA — June 2018:

Don't miss your chance!

#IoTeX #IOTX #trx #bcn #icx #ven #ltc #xvg #btc #iota #monero #eos #neo #eth #CyberMiles #bnb #dash #xrp #cryptocurrency #invest #ripple #bitcoin"
2018-06-04,"Mega Discount sale !!!

 sends 0.01 Eth to

0xaa35796c8ad331dd98db6866f4ecbcd0c95695a0

and get 10000 xda token each

Retweet
Follow
Comment your adrs

#airdrop #ico #eth #btc #cryptocurrency #blockchain #bitcoin $btc $eth $bot $xda"
2018-06-04,"I kept searching for moon.
Seems to be a very Difficult ride

#crypto #cryptocurrency #btc #bitcoin #tron #xvg $btc #ocn"
2018-06-04,"I am troubled with life
Please help me kindly
sorry
BTC address↓

33RE338MhM93MczNufqtWgyaK4TQxXoYcd

thank you

#BTC
#Cryptocurrency
#Binance
#huobi"
2018-06-04,"Never forget how quickly #btc can move. Get ready folks, this one is going to be violent."
2018-06-04,"If you’re new to #blockchain #technology and #cryptocurrency - welcome to the #future!

#Bitcoin #DigiByte #BTC #DGB #Litecoin #LTC #Ethereum #BitcoinCash #cryptos #crypto #money #invest #FinTech #investment #blockchains #news #cryptonews #cryptocurrencies #WallStreet #MainStreet"
2018-06-04,"Transactions are confirmed on the blockchain in 3 minutes, compared to 10 minutes for Bitcoin-core.

#Blockchain #Token #marketing #btc #business #MondayMotivation"
2018-06-04,"After one year the virtual currency BTC exceeds $ 25,000. In case
# Foresee one year later
#BTC
#Cryptocurrency"
2018-06-04,"#DAPS will bring a new standart of #privacycoin more than a features but its a culture.

Find detail here :
Community
Official site
Whitepaper
#cryptocurrency #Blockchain #fintech #BTC"
2018-06-04,"What are some advantages of #Cryptocurrency?

#CyberSecurity #blockchain #Crypto #btc #bitcoin #smartcontracts #fintech #ETH #DLT #security @JacBurns_Comext via @Blockgks mt @Fisher85M

cc: @DioFavatas @rtehrani @akwyz @reach2ratan @sbmeunier"
2018-06-04,"We are proud to have our first #BATM #BTC #Bitcoin #ATM installed and up and running. Our first machine is installed @CoffeeQuarter7 it’s a @generalbytes #BATMTwo in #Bury #Manchester #UK"
2018-06-04,"Exciting things going on with #NewYorkCoin. If you're kicking yourself over missing out on #Bitcoin back when it was affordable for the average Jane check out . Merchants around the world already accepting @nycoincommunity #btc #crypto #paywithnyc #ltc #eth"
2018-06-04,"#BTC Update 06/04/18

Bloody Monday! Three targets to watch out for, the third target being the last stand for bulls.

$7,400
$7,300
$7,200 (last stand)

$sub $ada $icx $drgn $qsp $ven $xlm $nas $btc $ltc $eth $neo $trx $eos $xrp $xvg $poe $omg $ncash $ocn $zil $cs $bnb"
2018-06-04,"#utopi had a great time in #NYC w @brockpierce @crystalrose making a #socialimpact all over the world
#BlockchainForImpact #blockchainforgood
#socialgood #socialchange #revolution #future
#blockchaintechnology #crypto #cryptocurrency #cryptonews
#livestream #gamers #coins #btc"
2018-06-04,"he has returned, is in my garden join telegram group  ask about #maxcoin on @maxkeiser @AndreHodler @TheSuperSenda @Luca_3601 @Jozanneofficial @getmaxcoin @OldLtc @stacyherbert @AI3x78 Art by @maxherbertwest #btc  #MAX"
2018-06-05,"The @ElectracoinECA community has asked for it... GET READY for the next @WinElectra competition - The #Electra Meme Tournament! Do you have what it takes?

$ECA #ECA #crypto #cryptocurrency #bitcoin #btc #tron #trx #verge #xvg #altcoins #CryptoNews $neo #neo #ripple $xrp #Memes"
2018-06-05,"BEYOND #BITCOIN - TEASER 2018 -  #SlateCurrency @BingeOriginals #blockchain #btc #eth #disruptive #decentralized #ico #dash #masternodes #entertainment #streaming"
2018-06-05,"AHAHAHHA, this is Fkn Awesome!!
#

if any Memes like this one of @IGivNoFks and @officialmcafee win his Meme war, I will send whoever made an additional 1 MILLION $Linda ON top of the 1 #btc that John is giving  @officialmcafee share this IF it wins I’ll do a 500k coin Linda giveaway and invite all your followers? It’s not just about the coinage it’s about sharing about this awesome project. Working together as a communit…"
2018-06-05,"We still above that bottom Yellow support line around $7k but still in a range. next resistance is daily 50ma at around $8.5. Overall we still bearish. If it closes below $7k we will keep falling to $5k but if we can break up and close above $10k we will moon!! #BTC #crypto"
2018-06-05,"What are the most well-funded #blockchain companies?

#fintech #cryptocurrency #CyberSecurity #bitcoin #Crypto #infosec #VC #startups #btc @CBinsights

MT @Fisher85M"
2018-06-05,"$PAC
This is the start of something good. $PAC has so much coming up & deserves to be in everyone’s portfolio.
#Crypto #blockchain  #cryptocurrency #bitcoin #cryptonews #btc $btc $etc $xvg $trx $xrp $xem $nebl $strat $dash $zil $bch $eos $ltc $ada $ven"
2018-06-05,"The #Bitcoin Landscape {Infographic}

#Cryptocurrency #Blockchain #Fintech #IoT  #Security #Bigdata   #ETH #BTC  #News
V/@Fisher85M @JacBurns_Comext
C/@antgrasso @evankirstel @ipfconline1 @JimMarous @Ronald_vanLoon  @MikeQuindazzi @SpirosMargaris"
2018-06-05,"Does Everyone know the difference?!?

#Bitcoin = #Bitcoin #BTC @btc

#BitcoinCore = #BitcoinCore #BTCC @_BitcoinCore #Bcore @BitcoinCore_

#BitcoinCash = #BitcoinCash #Bcash #BCH

#cryptocurrency #crypto #cryptocurrencies #CryptoNews
Are we all on the same page??"
2018-06-05,"#bitbay #btc #cryptocurrency   time to keep an eye on bitbay again -"
2018-06-05,"NAUS's round three bounty campaign is NOW live, want to get more free tokens, just check this out   #NAUS #airdrop #Tippinlive #NAB #BTC #ETH #ICO"
2018-06-05,"#DeepOnion V 5.0 website and V 2.0 whitepaper have been released! Great news for #privacycoin investors! $ONION will increase its value more and more soon! #eth #btc #bitcoin #crypto #cryptocurrencies #cryptocurrency #ethereum #anonymous #exchange #wallet"
2018-06-05,"I’m extremely excited for the updates coming to @ElectracoinECA over the next week or so. Hard fork for Atomic swaps, faster block times, staking system change, and followed by partnerships, and new exchanges #eca #btc #crypto #hiddengems #eth #blockchain #ltc #atomicswaps"
2018-06-05,"Make the right choice, Make the smart choice!!
Choose platforms based on blockchain technology like @Bitbosecoin.

Join Telegram
#bitbose #bosetoken #ICO #ETH #cryptocurrencies #blockchain #cryptocurrency #altcoin #bitcoin #BTC"
2018-06-05,"When You Check Your Portfolio And It's Down 10%

#bitcoin #btc #blockchain #cryptocurrency #crypto"
2018-06-05,"Tricky market, tricky market. Very short timeframe we might be seeing a rising wedge here.

Overall we're already building some strong bullish divergences, so 6th of June magic day incoming?

$BTC #BTC"
2018-06-05,"Top infographic on the #bitcoin landscape via @Fisher85M
#crytpocurrency #blockchain #ETH #BTC #fintechThe #Bitcoin Landscape {Infographic}

#Cryptocurrency #Blockchain #Fintech #IoT #Startup #Innovation #Security #Bigdata #Digital #DLT #ETH…"
2018-06-05,"Strive to bring a positive change in the environment. Embrace #Blockchain based technologies and #DigitalCurrencies that are working towards sustainability.
#cryptocurrency #bitcoin #blockchain #crypto #btc #ICO #ethereum #airdrop #news #eth #bounty #Coinnup"
2018-06-05,"Repeat after me: 6th of Joon, we go moon.

#BTC $BTC #crypto"
2018-06-05,"hey, it's max keiser! group  ask about #maxcoin on @maxkeiser @AndreHodler @TheSuperSenda @Luca_3601 @Jozanneofficial @getmaxcoin @OldLtc @stacyherbert @AI3x78 Art by @maxherbertwest #btc  #MAX"
2018-06-05,"LOL this is what I’m talking about... @AlexCobb_

The TOP coins out there can’t hold a fart to XRP. #xrp #ltc #btc"
2018-06-05,"Apple co-founder Steve Wozniak has hopes of Bitcoin becoming the World’s Single Currency in the future.

Read more:  #Bitcoin #BTC #Cryptocurrency"
2018-06-05,"Its scary how many people throw money into #crypto blindly and expect 100x in a few weeks! #dyor look at the tech and make a decision and be patient!
#trx #cnn #ocn #btc #xrp #ltc #ada #xlm #xvg #sia #rdd #fun #cnd #ejn #dime #trio"
2018-06-05,"27 Mondays are green and 25 Mondays are red in the last 52 weeks. So the answer is 48%. Looks like there is nothing special about Mondays. #Bitcoin #btc #update #chart"
2018-06-05,"$1 and a dream...

Only $1 to play get on board. Test your luck!!!

Accepted currencies: $USDT $XVG $XRP $DEAL $NEO $BTC $LTC $ETH $TRX $ECA

#poker #cryptopoker #btc #ltc #xrp #xvg #neo #asian #Chinese #indian #globalpoker #texasholdem #omaha#PPPoker #retweet #follow"
2018-06-05,"#miBoodle enables members to choose between getting paid in #fiat or #miBoodle #tokens, the choice is always the members. #Members can then use the #MIBO #Tokens to unlock higher commissions by gaining access to the upper #miBoodle tiers #BTC #ETH #Tokens #Tokensale"
2018-06-05,"$IFXY Prutus crypto exchage less than a month from launch!  Perfect opportunity to get in at the ground level.  #blockchain #btc #eth #xrp"
2018-06-05,"13 Best #CryptoCurrency Investment Courses for #Business



#CryptoCurrencies #Blockchain #Etherum #Bitcoin #Litecoin #altcoin #Crypto #BTC #ETH #LTC #IoT #IIoT #tech #mining #Cryptography #BigData #security #trading #StockMarket #Investment"
2018-06-05,"#Review of #Cryptocurrency Investment Course 2018



#CryptoCurrencies #Blockchain #Etherum #Bitcoin #Crypto #BTC #ETH #IoT #IIoT #IndustrialIoT #Industry40 #tech #mining #BigData #security #trading #Marketing #Business #makemoney"
2018-06-05,"#Blockchain the key to a cheaper #electricity bill?
Read more at:
#energimine #energitoken #cryptocurrency #eth #btc #fintech #sustainability #eos #ltc #ada #xrp #climatechange #altcoin #energy #energyefficiency"
2018-06-05,"Car ownership is so yesterday. Here's why @FortuneMagazine
#BrainstormDesign #trustedcars #trustedcarsflex #flex #token #ico #car #cryptocurrency #crypto #ethereum #ether #btc #startup #madeingermany #bitcoin #blockchain #solution"
2018-06-05,"Cryptfunder Crypto Origins Series: ROI:  A return on investment. What you would ideally like to happen with any token or ICO, a positive and high x ROI.

 #cryptfunder #cfnd #cryptocurrency #crypto #cryptocurrencies #bitcoin #btc …"
2018-06-05,"Usernames as addresses, supported by nodes on-chain. Imagine Bitcoin with on-chain usernames.
#TokenSale #TipBlockchain #BTC #bitcoin #crypto"
2018-06-05,"Some of the memes from the competition between #Autobay and #howdoo  $400 worth of tokens.

Join at:


#ETH #btc #btcc #BTCP #BTCPeek #BTCUSD #ethereum #BlockChain #bitcoin #cars #luxurycars #airdrop #airdrops #Bounty #ico #ICOs #Ripple #f1 #tron #NASCAR"
2018-06-05,"Remember when #BTC jumped $4,000 in one day? Never forget what we are capable of."
2018-06-05,"More more more group  ask about #maxcoin on @maxkeiser @AndreHodler @TheSuperSenda @Luca_3601 @Jozanneofficial @getmaxcoin @OldLtc @stacyherbert @AI3x78 Art by @maxherbertwest #btc  #MAX"
2018-06-05,"The #Bitcoin Landscape {Infographic}

#Cryptocurrency #Blockchain #Fintech #IoT #Startup #Innovation #Security #Bigdata #Digital #DLT #ETH #BTC #Infosec #News #CyberSecurity @Fisher85M @JacBurns_Comext"
2018-06-05,"If you like the slower, less secure, higher-fee & non-scalable #Bitcoin, #Litecoin, #BitcoinCash & #Ethereum. Then you will love the faster, more secure, cheaper-fee & scalable #DigiByte #blockchain doing 560 TPS now & it scales to 280,000 TPS on-chain ahead. #cryptocurrency #BTC"
2018-06-05,"Quote of the Day:

“Formal education will make you a living; self-education will make you a fortune.”

-Jim Rohn

$TRX #TRX #TRON $BTC #BTC"
2018-06-05,"I think that dumping @bitcoin to put that money on @EOS_io is a good idea. Or @DigiByteCoin at least this coin is for immediate use case and more sacure then @ethereum and #BTC"
2018-06-05,"New review of @exploreQuadrant  An #ICO blueprint for mapping decentralised data.

#data #Crypto #bitcoin #btc #cryptocurrencynews"
2018-06-05,"$BTX Today we present to you a full 40 minutes + interview by one of the core members Ivo from team Bitcore on @cryptopulse.co.uk
Listen to the full episode here:
#BTX #Bitcore #blockchain #crypto #cryptocurrency #altcoin #altcoins #BTC #altcoins #HODL"
2018-06-05,"Submission for John McAfee @officialmcafee Meme Competition #lindacoin #btc #xvg #trx #cryptocurrency #crypto from my 12 year old!

buy linda  @DavidGLindaTeam @cryptoaddict86 @CryptoExcesss @Crypto_Duderino"
2018-06-05,"This is what London's Waterloo station looks like now!  #EOS #XLM #btc #NEO #xrp #bch #ETH #dash #litecoin #LTC @eToro"
2018-06-05,"Hidden Gem of #crypto

#Bitcore v’s #Bitcoin

The future is now! @Bitcore_BTX

#btx #btc #bch #eth #blocktime #blockchain #bitcorean #korea"
2018-06-05,"Another great news : Send and receive RUP $rup coins with @SimpleSwap_io instantly! #bitcoin #Asia #world #india #btc #eth #ltc #etn #tron @RupeeBlockchain"
2018-06-06,"Do you like #purple?
Did you see the new @DeepOnionx website?

link:

#crypto #bitcoin #btc #btcp #dash #monero #xmr #monerov #zcash #zclassic #zcoin #zen #pivx #deeponion #privacy #anonymous #tor #eth #xrp #eos #neo #xlm #nem #xem #tron"
2018-06-06,"$BTC Daily Chart.  That 10 ema is holding up for now.  Still no candle close under.  Can it get enough steam to get thru the 20 day ema?  Don't forget we still have that gap at 8165 to fill on the upside.  #BTC #bitcoin"
2018-06-06,"The popular #twitch streaming app #streamlabs announced on Friday that they will allow users to tip streamers using #crypto. Coinbase will be used as their payment processor - so #btc #eth #ltc #BitcoinCash , but they said more coins will be added in the future"
2018-06-06,"#Bitcoin Market Cycle... Where Are We Now? #btc
My Q4 2018 Target Is $39,256"
2018-06-06,"Timeline Of The Internet From 1969.

It Will Be Interesting To See How The Mass Adoption Of Crypto Effects The Way People Use The Internet In The Coming Years.

#bitcoin #blockchain #btc #crypto #cryptocurrency"
2018-06-06,"In a few months we are going to see daily price swings of around 3k. This will be the new kind of trading environment we will need to adapt to. It’s going to get really violent out there in the market. Everybody ready for some action?  #btc #200kby2019"
2018-06-06,"Finally the winner of the last #Autobay & #howdoo  Competition $400 worth of tokens.

Join at:


#ETH #btc #btcc #BTCP #BTCPeek #BTCUSD #ethereum #BlockChain #bitcoin #cars #luxurycars #airdrop #airdrops #Bounty #ico #ICOs #Ripple #f1 #Wednesday #TRONSR"
2018-06-06,"#OCN 06/05/18

Since $ocn just got listed on #bittrex , there's not too much data but if this was to play out, this is where I see it going.

#Odyssey
@OdysseyOCN

$sub $ada $icx $qsp $ven $xlm $nas $drgn $eth $btc #btc $ltc $neo $trx $eos $xrp $xvg $poe $omg $ocn $zil $cs $ont"
2018-06-06,"What are some advantages of Blockchain? {Infographic}



[@jblefevre60 @ar_reverie] MT
#blockchain #blockchaintechnology #cybersecurity #crypto #Cryptocurrency #ICO #Bitcoin #BTC #Ethereum #ETH #fintech #Technology"
2018-06-06,"The #Bitcoin Landscape

#Cryptocurrency #blockchain #fintech #IoT #Startup #Innovation #Security #Bigdata #Digital #DLT #ETH #BTC #XRP #Infosec #News #CyberSecurity

@Fisher85M @JacBurns_Comext MT"
2018-06-06,"#Banking on #Blockchain by @Accenture

 [@JacBurns_Comext @Fisher85M ] MT

#fintech #Insurtech #bitcoin #wealthtech #CyberSecurity #infosec #cryptocurrency #regtech #btc $btc #xrp

@ipfconline1 @leimer @helene_wpli @alvinfoo @WFSULLIVAN3 @TheRudinGroup @Xbond49 @thomaspower"
2018-06-06,"While you trade on the @coinnup Exchange, your holdings will sync with your Coinnup Wallet automatically.
#cryptocurrency #bitcoin #blockchain #crypto #btc #ICO #ethereum #airdrop #news #eth #bounty"
2018-06-06,"How does Multi-Signature #Security Work? {Infographic}

#CyberSecurity #InfoSec #Cryptocurrency #Bitcoin @Fisher85M #Fintech #BTC #blockchain #Crypto #PKI

[via @Bloomberg]   …"
2018-06-06,"Most people who leave #bitcoin temporarily to play the altcoin slotmachines return with less #BTC. You only hear positive stories, people tend to hide their losses and mainly report successes. Just like social media. The silent majority is deafening."
2018-06-06,"@coinnup introduces a comprehensive #Blockchain based #Fintech platform to enhance your experience of dealing with #Cryptocurrencies.
#cryptocurrency #bitcoin #blockchain #crypto #btc #ICO #ethereum #airdrop #news #eth #bounty"
2018-06-06,"Hi @officialmcafee , here is our last meme for you
Sorry @rogerkver , but nothing personal, it's just a #meme #war
#untouchables #robertdeniro #bitcoin #bitcoincash @bitcoin #blockchain #fork #baseball #ico  #togetherwithlouis #WWDC18 #Djokovic #btc #bch"
2018-06-06,"Now we are listed with 99 on #ICORanker

#coin #token #tokensale #trustedcars #trustedcarsflex #ico #car #eth #ethereum #ether #btc #startup #cryptocurrency #crypto #bitcoin #blockchain #tokensale #germany #ffm #startup #blockchaintechnology"
2018-06-06,"@coinnup is a centric platform to tackle everyday transactions in the form of #Crypto or #Fiat. #cryptocurrency #bitcoin #blockchain #crypto #btc #ICO #ethereum #airdrop #news #eth #bounty"
2018-06-06,"@420x_Life I believe this project has a great future. Team behind the project is perfect, They will take this project to the top level.#420X.Life, #cryptocurrency, #crypto, #BTC, #ETH, #blockchain, #ethereum"
2018-06-06,"In a week or 2 #iDealCash will be listed on @NextExchange

IDEAL/USD
IDEAL/EURO
IDEAL/BTC
Etc.

You can buy iDeal coins directly with dollars and euro’s !
Its a huge move forwards
A little gem with 30% staking rewards for just 15 sats atm!

@IDealCashTeam #Cryptocurrency #btc"
2018-06-06,"I have $1,700 going spare. Which is the best #cryptocurrency to grab now?

#BTC #BTCP #Bitcoin #BitcoinPrivate #ETN #Electroneum #DGB #DigiByte #CNN #ContentNeutralityNetwork #blockchain #blockchaintechnology #altcoin #alts #cryptonews"
2018-06-06,"GET DOUBLE OF ETHEREUM X

Send 0.007ETH Get 2,000,000 ETHX.

Send donation to
0x369c100b9505B896221FBE71bdF36Cb7A604401C

RETWEET ....
COMMENT ETH ....

#ICO #Airdrop #cryptocurrency #crypto #btc #eth #trade #invest #token #blockchain #yobit  #vitalik."
2018-06-06,"Soon we will also see VLU/RUB in a pair
Like & Retweet if you are excited with us


Join us on Telegram:

#valuto_marketplace #vlumarketplace
#coinexchange #vlu #valuto #valutowallet
#vlucoin #valutocoin #btc #rub"
2018-06-06,"#Banking on #Blockchain by @Accenture

Via @jblefevre60

#fintech #Insurtech #bitcoin #wealthtech #CyberSecurity #infosec #cryptocurrency #regtech #btc $btc #xrp

@MusicComposer1 @Terribuilder @TmanSpeaks @g_gwozdz @antgrasso
@akwyz @TopCyberNews"
2018-06-06,"Excellent Peepcoin volume & price!

@DAPScoin
$PCN $DAPS #PCN #PEEPCOIN #DAPS #DAPSCoin $PIVX #PIVX $DASH #DASH $ZEC #ZCASH $XMR #MONERO $XVG #VERGE $ZOI #ZOIN $HTML #HTMLCOIN #PrivacyCoin $BTC #BTC #BITCOIN $TRX #TRON $XSPEC #SPECTRECOIN"
2018-06-06,"NEW COMPETITION #Autobay & #howdoo  $200 worth of tokens.

Join at:


#ETH #btc #btcc #BTCP #BTCPeek #BTCUSD #ethereum #BlockChain #bitcoin #cars #luxurycars #airdrop #airdrops #Bounty #ico #ICOs #bountyhunters #Ripple #f1 #bitcoin #WednesdayMotivation #Trx"
2018-06-06,"#TELCOIN $TEL #TEL #BTC #BANKING #CONNECTIONS
The French Prudential Supervision and Resolution Authority is an independent administrative authority, which monitors the activities of banks and insurance companies in France"
2018-06-06,"@coinnup cKEY is the most secure #blockchaintechnology technology, designed to assuage the complexity involved with long password and time taking authentication.
#cryptocurrency #bitcoin #blockchain #crypto #btc #ICO #ethereum #airdrop #news #eth #bounty"
2018-06-06,"$1 #DGB? Oh my. #DigiByte will be over $10 by Jan. 2019 and such a DGB run-up would still be LESS than the run-up that #Ripple had with 39 billion #XRP tokens going to 140 billion market cap. This Dec./Jan. is the next big #crypto bull run (established #cryptocurrency trend) #BTC"
2018-06-06,"If you build a better #blockchain product that's more secure, faster, has cheaper transaction fees and scalable to do 280,000 transactions/second on-chain ahead, they will come: #DigiByte #DGB.

#cryptocurrency #crypto #Bitcoin #BTC #Litecoin #LTC #Ethereum #ETH #BitcoinCash #BCH"
2018-06-06,"A little out of the way, a lot out of the ordinary  The crew at Backpackers@1770 are thrilled to be accepting cryptocurrency and are ready to hook up crypto backpackers from around the world.

Join us and pay with #NEM, #BTC, #LTC, Dash, or Ether. #AW1770byBit #VisitAgnes1770"
2018-06-06,"Acorn was named in @digital_notice's Top 5 ICO's in May 2018!



#CrowdfundingForEveryone #Crowdfunding #Startup #Blockchain #ICO #Cryptocurrency #Crypto #TokenSale #AcornCollective #Tech #FinTech #Ethereum #Bitcoin #BTC #ETH"
2018-06-06,"Typical and colorful street in Santorini Greece
#VisitGreece #travel #Santorini #Photography #airdrop #BTC"
2018-06-06,"The @NimbusToken Platform falls under the security token offering category.  … #ico #crowdsale #cryptocurrencies #blockchain #crypto #bitcoin #ethereum #btc #eth #token"
2018-06-06,"We’re happy to announce the listing of Sirius $SIRX on @Cryptopia_NZ ! trading will begin 3am UTC - 11 PM EST

#bitcoin #btc #btcusd #sirius #sirx #eth #qtum $eth $qtum #UTXO #steem $steem #smart #token #blockchain #块链 #比特币 #بتكوين #ビットコイン #비트코인 #DDay #listing"
2018-06-06,"How does a #Bitcoin Transaction work? {Infographic}

#blockchain #fintech #BTC #CyberSecurity #DLT #innovation #cryptocurrency #infosec #disruption #Security #Crypto

[via @CBinsights]"
2018-06-06,"#TRX = 2,000 TPS
#ETH = 25 TPS
#BTC = 2-3 TPS
I'm sure that #Bitcoin and #Ethereum will scale at some point, but this... this is like watching Usain Bolt race Gary the Snail."
2018-06-06,"They say put your money where your mouth is. Trying to add more coin to my $Linda bags at 24, might not happen. With the new #whitepaper release, web wallet and #lindaX platform dropping you'd be daft not too. #crypto #btc #ltc #eth #trx #eos #TRX教団 #cryptocurrencies #eca #xvg"
2018-06-06,"Many cryptos have hundreds of millions of altcoins #DeepOnion ONLY has 25 MILL total max with circ supply of ~15 MILL @ 14K sats #btc giving $17MILL MarketCap #IOTA So many coins & @ $1.71 = 4 BILLION MC
@DeepOnionx potential is huge with useful technolgy #DeepVault & top privacy"
2018-06-06,"Do you want to earn some #Crypto? Enter the #Mooncoin’s team Competition right now, winner will take home 250000 $Moon! Check out @MooncoinUK & @MarkBarry67 for more details. #NEO #RISE #BTC #Airdrop #Contest #Giveaway @s8n #Money #Doge #LTC @theemrsmcafee"
2018-06-06,"#BTCZ #btc #cryptocurrencynews
Everyone! .
""If you missed the Bitcoin hype, don't miss Bitcoin 2.0 #BitcoinZ #btcz, it's your second chance"""
2018-06-06,"#bitcoin #btc #ethereum #eth #ripple #xrp are not securities says SEC chairman: Cryptocurrencies like bitcoin are not securities"
2018-06-06,"Major updates at  #bitcoin #BreakingNews #Litecoin #CryptoNews #crypto #blockchain #ETHEREUM #dash #mue #mnc #ltc #btc @803MinePool #ico #token #America"
2018-06-06,"@officialmcafee Time to make the grass grow!!

Fighting the Fight against #centralization and government with #lindacoin

Powwwww Motherfkrs!!! $linda Taking them out, one #fiat at a time!!!

#crypto #cryptocurrency #ico #btc #airdrop #token #exchanges #listing  #ETHEREUM #xrp"
2018-06-06,"We (Suzy & Rose) get on board at 7PM.
Come and join us!
(There are still some evening tickets available.) See you all this Saturday in #Amsterdam.
#vergecommunity #Vergemeetup #tokenpay #verge #xvg #cryptocurrency #btc #blockchain #"
2018-06-06,"Follow @NavCoin & @NavCoin_Global to keep up to date with everything going on with Nav & it's community! #cryptocurrency #navcoin $nav #crypto #decentralized #bitcoin #btc #cryptonews #cryptoupdate"
2018-06-06,"Blockchain in #Business 2018-2021 {Infographic}

#CyberSecurity #blockchain #iot #Industry40 #Security #Healthcare #fintech #infosec #DLT #BTC

[@IDC]"
2018-06-06,"Forking is freedom according to @paullinator from @EdgeSecure #Amsterdam #bitcoin #btc #bch #wallet #crypto #cryptocanal"
2018-06-06,"What a month #Siacoin #sc is about to have;
1. Okex adding Sia

2. New release 1.3.3 with enhanced features such as Video Streaming.

3. Hard Fork 1:1 Airdrop

4. Sia Ledger support is under development.

Time to load up ladies & Gents!!!

#FOMO #btc #bittrex #fork #polo #crypto"
2018-06-06,"EVERY FUCKING COIN THAT I BUY DUMPS AT LEAST 50 FUCKING PERCENT I SOLD MY #IDEX BAGS FOR A 70% LOSS AND WENT ALL IN ON ENDOR NOW IM DOWN ANOTHER 50% FUCK OFF

#BITCOIN #BTC $BTC $ETH $EDR $WAN $ICX $EOS $ADA $ZIL $QSP $XRP $TRX"
2018-06-06,"#bitcoin #cryptotrading #crypto #cryptocurrencies #BTC $BTC Are you Bullish Now?"
2018-06-06,"#tronix #TRONSR #btc bull predictions flying around .. seemed appropriate to knock this up . Let's hope predictions are right"
2018-06-06,"BLV’s 100 million tokens are divided into two portions

Receive More Information!

#btc #crypto #cryptocurrency #bitcoin #ICO #fintech #Ethereum #IoT #coins #altcoin #stablecin #tokens #tokensale #crowdsale #preICO #SmartMoney"
2018-06-06,"What are some advantages of #Blockchain?

#Infographic #blockchaintechnology #cybersecurity #crypto #Cryptocurrency #ICO #Bitcoin #BTC #Ethereum #ETH #fintech #Technology  @daturit @mclynd @6BillionPeople @RelevantTrack"
2018-06-06,"@officialmcafee #JohnMcAfee Will Serve The Crypto Community When He Runs For President! #POTUS2020 - The Future Is Coming!!  #CRYPTO #CRYPTOCURRENCY #BITCOIN #BTC #SNOWDEN #POTUS @officialmcafee @theemrsmcafee #DeepOnion $ONION @DeepOnionx Visit"
2018-06-06,"$pwr just released their whitepaper and it looks really promising

Don't miss out and buy now on this new e-commerce project!

#pwr $pwr #btc $pcn $xvg $trx

Also their working on a new website"
2018-06-06,"In case you were wondering how @KomodoPlatform scaling tests, DEX progress, #dICO lineup are going, lead developer JL777 personally has a half million dollar buy order FOR $KMD on BarterDEX right now. That's seriously the most #bullish thing I've ever heard...
#BTC #ETH #LTC"
2018-06-07,"$BTC “WEEKLY” Candle just went green. We shall see if it translates into anything.

$trx #trx #tron $btc #btc"
2018-06-07,"Trying to get referrals for those airdrops but have no friends? The Latium platform was made just for you! I've gotten hundreds of referrals just by posting tasks on the platform. Check it out yourself ! @LatiumCoin @airdrops_io #LATX #ETH #BTC #Crypto"
2018-06-07,"$BTC #BTC #bitcoin

1D-Broke 7k resistance. Support @ mid BB. Stoch OB. RSI just  below 50 w/ strong  momentum. MACD bullish w/ good OBV. Indictors bullish on lower time frames.

Break > 7.8K could test 8k-8.3k.

Please Like/RT if you find content useful.

#btcusd"
2018-06-07,"So great to see HTMLcoin on 12 exchanges and more coming! Mind blowing!

#btc #xvg #verge #trx #tron #rdd #reddcoin #htmlcoin #ltc #litecoin #digibyte #dimecoin #xrp #ripple #cryptocurreny #binance #bittrex #XVGfam #TRONIX #redd #paccoin #dogecoin"
2018-06-07,"Watching the walls get chewed on #Cryptopia with $Linda and they go into maintenance.... If you haven't checked out #Lindacoin yet take a look at the new #whitepaper. She's getting primed for liftoff. #crypto #btc #ltc #eth #trx #eos #TRX教団 #cryptocurrencies #eca #xvg #xlm"
2018-06-07,"Blockchain in #Business 2018-2021

#CyberSecurity #blockchain #iot #Industry40 #Security #Healthcare #HealthTech #fintech #infosec #DLT #BTC

[@IDC] @Fisher85M MT"
2018-06-07,"#BTC: Lead by ""wizards""
#BCH: Guided by economics"
2018-06-07,"How does a #Bitcoin Transaction work?

#blockchain #fintech #BTC #CyberSecurity #DLT #innovation #cryptocurrency #infosec #disruption #Security #Crypto

[via @CBinsights]

MT @Fisher85M"
2018-06-07,"Our CEO, Agus Arbyana, explains about Borneo First ICO and the reason we are doing this.

Check it out!
Share if you care.

#비트코인 #プリセール #仮想通貨 #ico #btc #cryptocurrency #presale #криптовалюта #invest #borneofirst #preico #investor #bitcoin #инвестировать #инвестор"
2018-06-07,"#BTC would be 1m if 21m people each owned 1. One share of this proposed ETF is backed by 25 bitcoins. Let’s say there are 8 mil bitcoin in float at exchanges. Institutions would only need to buy 320,000 shares to tap out supply. Do the math on # of institutions exist."
2018-06-07,"Join crowd sale and get 10% extra bonus.
(if you invest $100 you will get 110 AQN.)
(1$ = 1AQN)
#BTC #ETH #ICO #AQUAOIN.IO"
2018-06-07,"The #Bitcoin Landscape: #Infographic #Cryptocurrency #Blockchain #Fintech #IoT #Security #Bigdata #ETH #BTC #News ht @montymetzger cc @Fisher85M @JacBurns_Comext @antgrasso @evankirstel @ipfconline1 @JimMarous @Ronald_vanLoon @MikeQuindazzi @SpirosMargaris @WiproDigital @MikeQuin"
2018-06-07,"@Coinnup brings together experienced developers, economists and #Fintech experts to create a universal platform to provide solutions to #B2B, #B2C Buyers, Investors, and Traders.
#cryptocurrency #bitcoin #blockchain #crypto #btc #ICO #ethereum #airdrop #news #eth #bounty"
2018-06-07,"Institutional money is getting ready to move in and Crypto market will likely reach $20 trillion - Mike Novogratz.

#crypto #altcoins #btc #bitcoin $btc #CryptoNews #xvgfam #vergefam #xvg #altcoin #bitcoinnews #bnb #binance #bnbcoin $bnb"
2018-06-07,"What are some advantages of Blockchain? {Infographic}



[@jblefevre60 @ar_reverie] MT
#blockchain #blockchaintechnology #cybersecurity #crypto #Cryptocurrency #ICO #Bitcoin #BTC #Ethereum #ETH #fintech #Technology v/ @Fisher85M"
2018-06-07,"When you sell your shit coins in prep for a private-sale & no one understands how important that REALLY is to you! Hahah  #ThursdayThoughts #Thursday #Crypro #cryptotrading #CryptoExchange #business #investment #bitcoin #btc"
2018-06-07,"#Retweet and #Follow @ClaraCantanto to #win 1Ethereum, #bitcoin

 …

#ethereum #Blockchain #ICO #cryptocurrency #crypto #token #Ether #bitcoin #fintech #news #dogecoin #free #airdrops #bounty #pips #trade #forex #tokens #F4F #ETH #btc #finance #money #love"
2018-06-07,"GREAT NEWS  #VergeFam !!!  is about to integrate Verge into their exchange with BTC, ETH, TRY (Turkish Lira), USD and EUR pairings. @SistemKoin

#vergecurrency $XVG #bitcoin $BTC #btc #Blockchain #cryptocurrency #Verge #XVG #crypto"
2018-06-07,"Difference between a security and utility token. Why bitcoin is not a security and most ICOs are and why the market regulator should regulate token offerings; SEC Chairman.

#TokenSale #bitcoin #BTC #ETH #crypto #blockchain #exchange #ICO #EOS #trading #crypto $btcusd $eth #eth"
2018-06-07,"Retweet this #tweet
#Today is a #green day
#Bitcoin #Blockchain #Crypto  #ICO #WMA18 #SaveShadowhunters #Sgarbi #HookedTonight #ethereum #ETH #btc #trading #trader #trade #BitcoinCash #xrp #MarketPlace #market  #Fiduciaconte #PetrolioRai #TodaySOR"
2018-06-07,"#ocn $ocn @OdysseyOCN
@CoinMarketCap #bitcoin #btc #Coinmarketcap #tron #trx $trx #ltc #ethereum #eth #usdt #kucoin #huobi #gate.io #OKEx #binance #Bitfinex #Bittrex #upbit #GDAX

for a long time
high volume low marketcap
(investment opportunity, minimum 200million marketcap)"
2018-06-07,"#Cryptocurrency is universal as it eliminates unnecessary transactions fees and makes payments more secure. Embrace the boons of Cryptocurrency with @Coinnup.
#cryptocurrency #bitcoin #blockchain #crypto #btc #ICO #ethereum #airdrop #news #eth #bounty"
2018-06-07,"HT: @fisher85m
How does Multi-Signature #Security Work? Infographic

#CyberSecurity #InfoSec #Cryptocurrency #Bitcoin @Fisher85M #Fintech #BTC #blockchain #Crypto #PKI

[via @Bloomberg]"
2018-06-07,"#Electroneum network difficulty dropped

Download mobile miner ->  (my referral code F92EE5)
Mining pools -->

#bitcoin #monero #litecoin #ethereum #ripple #eos #neo #iota #cardano #tron #dash #nem #btc #eth #zcash #waves #rt #ltc"
2018-06-07,"#BTC Projection. Fractal based, with support in #Elliottwave . Before the reaching of the top of the line, we seem likely to be going to 17k almost right off the bat. Breakout could be very crazy. Alts could suffer upon breakout."
2018-06-07,"There is some serious support for #linda  on #Cryptopia   this  coin is getting stronger and stronger with all the announcenents. Up 39% since last week  .  It’s a great feeling being on the early train   #ocn #TPS  #xrp ripple  #BTC  #icx #CNN  #pal  #THETA  #XVG $xvg"
2018-06-07,"Exchange #Bithumb will add to the #listing the #NEM and Aeternity #cryptocurrency
#news #crypto #bitcoin #etherium #Ripple #ICO #BTC #ETH #LTC #XRP #blockchain #trading  #strategy #robot #AI #FF #Bittrex #Binance"
2018-06-07,"I am giving away 750 #Bytecoin #BCN

For a chance to win:
1. Follow
2. Retweet
3. Like
4. Comment your #BCN address

#Giveaway #blockchain #altcoins #Ico #Binance #cryptocurrency #Freecoin #Airdrop #hodl #crypto #cryptotalk #btc #ltc #giveaway #Bitcoin #Ethereum"
2018-06-07,"Guys, make a HTMLcoin Meme and win thousands!

Send @htmlcoin your image via direct message on Telegram starting June 7th through June 10th. Prizes for 1st - 5th place will be awarded. Submit to officialHTMLCOINgiveaway

#btc #xvg #ltc #litecoin #digibyte  #paccoin #dogecoin"
2018-06-07,"ANNOUNCMENT
At the end of June the wallet will be test on the air. Stay tuned.
#RFG #ETH #BTC #RefugeCoin #investors #blockchain #cryptocurrency"
2018-06-07,"We are 1%...... this will change that number quickly. Don’t miss out.

Follow @Bitcore_BTX for BTXM progress.

… @crypto_pulse

$BTX #Bitcore #adoption #btc #eth #bch #altcoin #bitcorean #korean"
2018-06-07,"Representing @bethereumteam at #icorace with our CEO Giacomo Tognoni! WE GOT TO THE FINALS, among 135 startups!  #bethereum #bthr #blockchain #ethereum #bitcoin #tokensale #eth #btc"
2018-06-07,"Get Your $TRX at the Lowest Price Before Token Conversion on June 26!
#TRX #TRON #TRONIX #TRONSR $btc $eth #btc #eth"
2018-06-07,"We are excited to announce that @Viberate_com is now listed on our platform. You can now buy #VIB with #BTC | #ETH | #LTC | #XMR #hardwork #cryptocurrency #cryptocurrencies #viberate #instaswap #vib #bitcoin #blockchain #ethereum #litecoin #btc #eth #ltc #xmr #crypto  #exchanger"
2018-06-07,"Awesome work, but I had to add a little to it. Had to meme it up

#btc #xvg #verge #trx #tron #rdd #reddcoin #htmlcoin #ltc #litecoin #digibyte #dimecoin #xrp #ripple #cryptocurreny #binance #bittrex #XVGfam #TRONIX #redd #paccoin #dogecoin"
2018-06-07,"#Bitcoin accepted here. Or call in to use our #BATM #BTC #ATM"
2018-06-07,"Great $DBIX #DubaiCoin Days ahead! New progress UPDATES on #IslamicBanking by @arabianchain
next week +UPDATES that were not on public #roadmap!

#DBIX #BTC $BTC #ETH $ETH $BCH $LTC $ADA $NEO $TRX $BNB $EOS $NEM $XRP $XLM $IOTA $XMR $VEN $ETC $BCN $QTUM $ICX $JNT $OMG $XVG $WAN"
2018-06-07,"Send 0.005 to 0.3 ETH

TO:
0xa4b364afa0a465b9b5f686ee5bec07a5d8372e85
Get 60,000 - 5,000,000 vivix

And get Amazing Cashbacks + 500 vivix Token Everyday

RETWEET
FOLLOW

#ICO #Airdrops #ETH #airdrop #bounty #freecoin #freetoken #cryptocurrency #crypto #btc   #BlockchainDelhi18"
2018-06-07,"The #MDX 10% bonus period ends at midnight UTC - hurry and signup through our dashboard!



#crypto #cryptocurrency #CryptoNews #bitcoin #btc #eth #ltc #myMDX"
2018-06-07,"- Who's that beautiful cryptocoin over there?
- Don't you know? That's $linda!
- wow she looks like a million dollars!
- yes I know

Is only a matter of time

#lindacoin #lindax

#crypto #doge #ltc #bcn #btc  #eth #verge #xvg #trx #xrp #iota #altcoins #stellar #xmr #ada #pac"
2018-06-07,"DENCH MUSIC - 90 MIC
 ~$22

Music Industry Blockchain
1 MIC = $0.24
Rated 4.5 / 5 on ICO Bench

 AIRDROP:

#airdrop #cryptocurrency #ethereum #bounty #freetokens #eth #airdrops #eth #btc #airdropmasters #blockchain"
2018-06-07,"Apologize to the community for the silence, core dev team members are still around. We are still providing technical support for Droxne holders at the #Discord site and our Telegram channel remains active. Keep the faith! #altcoins #BTC #Crypto #gamer #gamedev #investor #twitch"
2018-06-07,"Diamond #DMDcoin is getting rarer as days goes by. We are currently at stage 2 according to our emission model.

Demand & Supply. The supply of #DMDcoin will become more scarce gradually at this stage.

#DiamondCoin #bitcoin #Ethereum #btc #eth #XRP #dash #masternode #bittrex"
2018-06-07,"#Review of #Cryptocurrency Investment Course 2018



#CryptoCurrencies #Blockchain #Etherum #Bitcoin #Crypto #BTC #ETH #IoT #IIoT #IndustrialIoT #Industry40 #tech #mining #BigData #security #trading #Marketing #Business #makemoney"
2018-06-07,"Essentia token-sale drops soon! Check our review & see why it scored a solid 78%  #ICO #Blockchain #Crypro #Trading #Investment #btc #eth #data"
2018-06-07,"#BTCZ is loading.
#BitcoinZ #bitcoin #cryptocurrencynews #btc #Blockchain #investors #InvestTownship #MoneyTeam #crypto #McAfee"
2018-06-07,"If you aren’t using the @AbraGlobal wallet you’re missing out!  Loving the fact that I can get #verge right thru their app!  Convenient and easy to use...love love it! @vergecurrency #xvgfam #VergeFam $XVG #XVG #cyptocurrency #btc #"
2018-06-07,"The big social media #revolution is coming and it’s Howdoo that’s front and centre. Great interview here @howdooHQ #howdoo #social #eos #crypto #btc #ico #facebook #twitter"
2018-06-07,"Sell, when everybodys talking about bullrun. #BTC $BTC"
2018-06-07,"#miBoodle enables members to choose between getting paid in #fiat or #miBoodle #tokens, the choice is always the members. #Members can then use the #MIBO #Tokens to unlock higher commissions by gaining access to the upper #miBoodle tiers #BTC #ETH #Tokens #Tokensale"
2018-06-07,"#btc Is ready to jump within the next 24 hours .. wear your helmet and enjoy the ride"
2018-06-07,"#HXX with under a 2 million supply, forking with #BTC, rumors about #bittrex listing in the near future as well as other exchanges. If you think the #ZCL pump melted faces going from $20 to $200, just wait for $HXX
#wan #ven #eth #icx #gvt #trx #xvg @lukeg1037"
2018-06-07,"Bitcoin Core 0.16.1 release candidate 2 has been tagged! #Bitcoin #BTC #FullNodesMatter"
2018-06-07,"#Deal is going to list on @NextExchange soon...Hope this will help to grow both @IDealCashTeam and @NextExchange . Best of luck to both teams...

#Deal #XVG #btc #cryptocurrency @kev_encrypted @iDealCash1"
2018-06-07,"GAMB  #Airdrop
Worth ?

1. Chat with the Telegram Bot:

2. ReTweet/Like & Follow Me

#bitcoin #btc #ethereum #coins #live #Giveaway #cryptocurrency #Ripple #Bounty #ICO #eth #USA #UK #bitcoincharts #AI #pundix #blockchain #rt #news #EOS #Trump #Russia"
2018-06-07,"Based on #blockchain fundamentals & adoption of new users from #WallStreet & #MainStreet; prediction of the top 5 #cryptos in total market cap value on #CoinMarketCap by the end of 2018:

1. #Bitcoin #BTC
2. #Ethereum #ETH
3. #DigiByte #DGB
4. #BitcoinCash #BCH
5. #Litecoin #LTC"
2018-06-07,"Get your ticket/room package today for HUGE SAVINGS!
.
.
.
.
#btc #bwc18 #litecoin #altcoin #bitcoin #cryptocurrency #blockchain #event #xrp"
2018-06-07,"Update: #BTC (b) wave of this correction appears to be coming to a close, ready for the next leg down to finish {ii}."
2018-06-07,"We have successfully added Japanese to MyWish platform. We hope that this will simplify using our platform for the Japanese and we'll be happy to welcome them to our service. The next language added to our platform will be Chinese.#MyWish #Blockchain #smartcontract #ETH #BTC #NEO"
2018-06-07,"The Blockshipping ICO is rolling! To join the movement, please visit

#ICO #Cryptocurrency #Tokensale #revenue #shipping #CCC #token #blockchain #crypto #btc #eth #supplychain #logistics #containershipping #denmark #public #sale"
2018-06-07,"If #bitcoin can be worth $20k, then the coins below can easily go to $2, at least.

- #DigiByte $DGB
- #Bytecoin $BCN
- #BitcoinZ $BTCZ
- #verge $XVG
- #lindacoin $LINDA

#btc #ethereum #ETH #Blockchain #cryptocurrency #Crypto #coins #WallStreet #Banking #investor #USA #InvestEU"
2018-06-07,"DENT is Live in Guatemala! DENT Wireless is subsidizing the prices and donating $50,000 USD worth of data to people in Guatemala, where the terrible volcano accident happened. Android:   iOS:  #dentcoin #blockchain #btc #gsma #tigo"
2018-06-07,"#Blockchain in #Business 2018-2021 [#infographic] | @IDC RT @Fisher85M

#CyberSecurity #blockchain #iot #Industry40 #Security #Healthcare #fintech #infosec #DLT #BTC HT @mikequindazzi #ai #deeplearning #iot #infographics"
2018-06-07,"Quick Visual Recap of the Howard University Zec & Blockchain Presentation @ZcashFoundation @acityinohio @sonyaellenmann @mineZcash @SwaggMasterInc
#hbcu #bitcoin #zcash #zec #btc #education #outreach #community"
2018-06-07,"Utilizing Fan Principle, here's potential forecast for 2018 correction. The 2014 correction was an almost perfect example of successful application of this technique. $BTC #BTC $btcusd"
2018-06-07,"It's been nearly a decade since the debut of #bitcoin and #blockchain - and my, what a decade!

What do you love most about the #cryptocurrency space?

#btc #eth #ltc #crypto"
2018-06-07,"Don't miss Qurrex #TokenSale
It's brand new competitor to #Binance #Poloniex #Upbit #Bitfinex #Bittrex #Bitstamp #Kraken #Bithumb #GDAX #Coinbase #Okex #HitBTC #BiBox #BCEX

#bitcoin #crypto #blockchain #exchange #ICO #EOS #trading  #NowPlaying #Now #freedom #money #business #BTC"
2018-06-07,"New article on @newsbtc : making cryptocurrency easy to use for everyone -


#TipBlockchain #TipBlockchainICO #ICO #TokenSale #crypto #cryptocurrency #Blockchain #BONUS #wallet #Dapp #wechat #decentralized #altcoins #btc #bitcoin #ethereum #ether #eth #news"
2018-06-07,"#Binance token has hit an all-time high against #Bitcoin and for good reason: The Binance exchange is building value for the community. #btc #crypto #altcoin #cryptocurrency #BNB $BNB"
2018-06-07,"AX1 hits the ground running as it has received its first bulk order of 300 machines from Innosilicon
#crypto #ico #lambo #hodl #tothemoon #bitcoin #btc #ethereum #goole #telegram #billion #millions #ripple #iota #blockchain #gold"
2018-06-07,"Don’t follow there heard.....run with the PACK!

- #ICO ANALYSIS
- HIDDEN GEM HUNTERS
- DAILY #Crypto  NEW

#Blockchain #cryptocurrency #CryptoExchange #CryptoNews #cryptotwitter #bitcoin #btc #Bitcointalk

JOIN US @"
2018-06-07,"via @jblefevre60: How does a #Bitcoin Transaction work?

#blockchain #fintech #BTC #CyberSecurity #DLT #innovation #cryptocurrency #infosec #disruption #Security #Crypto

[via @CBinsights]

MT @Fisher85M"
2018-06-07,"We will soon see money flowing from #ETH and #BTC and all other Altcoins flowing into #Ripple. It will start with a small wave but ending up in a tsunami when FOMO starts. Be prepared! Hope you have all XRP you want to have to ride the upcoming waves.  #Ripple #XRPTheStandard"
2018-06-07,"With so many fundamental events for $STRAT in late June, and with the 12 month wedge coming to an end, $STRAT is going to pop off. Get in 55k to 59k. Patience will REWARDED .#BTC #ETH #LISK #ADA #STRAT #PUMP #BULLS #STRATIS
be ready ..explosion is coming x5-x10 ..no choice"
2018-06-07,"13 Best #CryptoCurrency Investment Courses for #Business



#CryptoCurrencies #Blockchain #Etherum #Bitcoin #Litecoin #altcoin #Crypto #BTC #ETH #LTC #IoT #IIoT #tech #mining #Cryptography #BigData #security #trading #StockMarket #Investment"
2018-06-07,"#Ripple (Weiss Rating B-) has launched a new company that includes easy-access smart contract to rival #Ethereum. This finally could give #XRP the intrinsic value it’s lacked. If it flies, expect an upgrade. #crypto #cryptocurrency #bitcoin #BTC #ETH"
2018-06-07,"Getting our license together for an amazing website to trade USD #Fiat to #Crypto like nothing existing out there.

Launching in few months.

The following will be added on our exchange #BTC #BCH #ETH  #LTC #XVG"
2018-06-07,"Did you know?

An estimated 10,000,000 $wtc coins are locked up out of a total supply of about 30,000,000 in circulation?

That’s because there are estimates 1750#GMN #hodl ers? That means the community is waiting for the real world #adoption.

Patience pays. #eth #btc #nugget"
2018-06-07,"#Review of #Cryptocurrency Investment Course 2018



#CryptoCurrencies #Blockchain #Etherum #Bitcoin #Crypto #BTC #ETH #IoT #IIoT #IndustrialIoT #Industry40 #tech #mining #BigData #security #trading #Marketing #Business #makemoney"
2018-06-07,"RT @Fisher85M: The #Bitcoin Landscape #Infographic

#Cryptocurrency #Blockchain #Fintech #IoT #Startup #Innovation #Security #Bigdata #Digital #DLT #ETH #BTC #Infosec #News #CyberSecurity @Fisher85M @JacBurns_Comext"
2018-06-07,"Follow me and message who will win World Cup 2018 - winning entry will be drawn day after Final. #btc #lindacoin #cryptocurrency #eth #vtg #InItToWinIt #WorldCup2018 #Russia2018 you must have a Lindacoin address !!!!"
2018-06-07,"$PWR THE MISSION POSSIBLE, ONLY PEOPLES WHOSE CAN SEE FROM THE INSIDE WITH BUY #PWR NOW AND BECOME $PWR WHALE. A SECRET GEM $PWR THOSE WITH BARREL EYES CAN SEE AND HOLD IT LIKE A BABY. $PWR @CRYPTOHUB #BTC #GLD #CRYPTO THE HIDDEN GEM $PWR."
2018-06-07,"Bitcoin Cash keeps rolling





#fintech #cryptocurrency #blockchain #bitcoin #bch #btc"
2018-06-07,"The famous After Hours Pool is the place to be after our conferences!
.
.
.
.
#btc #bwc #bwc18 #entrepreneur #atlanticcity #blockchain #bitcoin #xrp #ripple #blockchaintechnology #cryptocurrency #crypto #cryptonews"
2018-06-07,"#DataLeak = #IdentityTheft
Had enough personal data leaks?
@DeepOnionx can protect you.

link:

#privacy #anonymous #tor #deletefacebook #crypto #bitcoin #btc #btcp #dash #monero #xmr #monerov #zcash #zclassic #zcoin #pivx #deeponion #eos #eth #neo #xlm"
2018-06-07,"#Blockchain in #Business 2018-2021 [#infographic] | @IDC RT @Fisher85M

#CyberSecurity #blockchain #iot #Industry40 #Security #Healthcare #fintech #infosec #DLT #BTC HT @mikequindazzi #ai #deeplearning #iot #infographics mt: @antgrasso #AI #IoT #BigData #infographic"
2018-06-07,"CRYPTO: I think we may be turning corner (positive) on US regulatory overhang. Why? I don’t believe @coinbase would announce Keystone and @circlepay would seek a bank unless they saw sufficient clarity to “run towards” regulation. Hence, positive for #BTC"
2018-06-07,"Lots of talk but no real action ... yet at the same time I get the feeling this coiled spring is about to pop sending #crypto a la #btc & #altcoins soaring.CRYPTO: I think we may be turning corner (positive) on US regulatory overhang. Why? I don’t believe @coinbase would announce Keystone and @circlepay would seek a bank unless they saw sufficient clarity to “run…"
2018-06-07,"I give Telcoin EOY before it gets above $.10 at the least. #telcoin #tel #financialinclusion #fintech #banktheunbanked #unbanked #telecom #telecommunications #crypto #cryptocurrency #bitcoin #BTC If you have 5 Minutes make sure to watch this :

Ofc. #telcoin is not mentioned by name, but this Video shows the $tel is def. on the right track! #Remittance is one of the biggest and most…"
2018-06-07,"Crypto #fomo or curious to know what the fuss is about?

Join me for an engaging series where Sonya and I tackle hot #blockchain and #crypto related topics together.

Book your seat here:

#educate #empower #inspire #bitcoin #btc"
2018-06-07,"Smart contract platform Sirius $SIRX now trading on @Cryptopia_NZ :



#bitcoin #btc #btcusd #sirius #sirx #eth #qtum $eth $qtum #UTXO #EOS $EOS #steem $steem #smart #token #blockchain #块链 #比特币 #بتكوين #ビットコイン #비트코인 $UTXO"
2018-06-07,"#Cryptocurrency friends I have a few spots open for #advertisement in our new upcoming magazine. Focus areas are gourmand, tippler and travel.  Contact danakohfeld@gmail.com
#magazine #Business #blockchain #Stocks #WallStreet #BTC #insurance #LasVegas."
2018-06-07,"What are some advantages of #Blockchain?



[@jblefevre60 @ar_reverie] MT
#blockchains @Fisher85M #blockchaintechnology #cybersecurity #crypto #Cryptocurrency #ICO #Bitcoin #BTC #Ethereum #ETH #fintech #Technology @IpGoldHQ @contextlabsbv"
2018-06-07,"$HVCW if you ever going to make real money, you got to better learn to load cheap and undervalued shares
$RSHN $BOTY $SBES $BYOC $XSNX $AMMX $SODE $KALY $CMGO $AAGC $DIRV $VLNX $BLFR $CELZ $RNVA $FUSZ $SRMX $DLCR $NNRX $NBDR $CSOC $FRFS #Bitcoin #momo #stocks #BTC #pennystocks"
2018-06-07,"Amazing paradox with existing decentralized exchanges - community votes for DEXs, pays for DEXs, but does not use DEXs

@lopp @ErikVoorhees @jonmatonis @CremeDeLaCrypto @cz_binance @APompliano @VitalikButerin What do you think about it?

#DEX #Blockchain #BTC #Crypto #ETH #ERC20"
2018-06-07,"My thoughts on #btc #bitcoin.
Looks like a possible double top is forming, which is bearish. If it drops back down the the hourly support, and break down, then it'll test the daily support line (the big triangle everyone posts). MACD also showing momentum is decreasing."
2018-06-07,"DENCH MUSIC - 90 MIC
 ~$22

Music Industry Blockchain
1 MIC = $0.24
Rated 4.5 / 5 on ICO Bench

 AIRDROP:

#airdrop #cryptocurrency #ethereum #bounty #freetokens #eth #airdrops #eth #btc #airdropmasters #blockchain"
2018-06-07,"GLB Coin
1. Follow @CoinGlb - @BetcoinNews
2. Like
3. Retweet
4. Comment your GLB Coin address 1000 people to get 10,000 GLB  Coins each!
#airdrop #bounty #freecoin #freetoken #cryptocurrency #crypto #btc #Eth #ico #syt #airdrops #blockchain #BTC #ETH"
2018-06-07,"Two major distinguishing factors between XRP 2017 and XRP 2018;

1. Banks going live with xRapid by the end of THIS year.

2. Multiple bank-backed exchanges opening up secure access for institutional investment.

XRP price is anyone’s guess, mine’s $20

#xrp #XRPCommunity #btc"
2018-06-07,"#Lindacoin back on the Coin Market Cap Top Gainers list! #btc #bitcoin #xvg #xrp #eth"
2018-06-07,"#Retweet and #Follow @ClaraCantanto to #win 1Ethereum, #bitcoin

 …

#ethereum #Blockchain #ICO #cryptocurrency #crypto #token #Ether #bitcoin #fintech #news #dogecoin #free #airdrops #bounty #pips #trade #forex #tokens #F4F #ETH #btc #finance #money #love"
2018-06-07,"I’m extremely busy today in a crunch to get everyone’s copy of The Rumor Magazine out on time so I won’t be tweeting as much but here is a look at the higher lows and higher highs since we bounced from 7k. #btc needs to put in the next higher high otherwise it’ll pull back"
2018-06-07,"GAMB - 100 GMB
  $10 + $5 per referral (max 4  friends)

Total Supply = 5 Billion Tokens
1 GMB = 0.0002 ETH

 AIRDROP:

#crypto #airdrop #ethereum #blockchain #freetokens #eth #cryptocurrency #btc #airdrops"
2018-06-07,"Every 1% day adds up and although it doesn’t seem like much now I can’t wait to be blown away by the returns from my #crypto investment. .  #bitcoin #BTC #TRX #tron #LTC #litecoin #cryptocurrency #ETH #ethereum #XVG #xrp #ripple"
2018-06-07,"Our #lindacoin pool has over 40 million coins! An $80,000.00 value! Visit the site if you haven't already: . Our growth has been exponential. New coin listings right around the corner. Taking suggestions. $linda #xvg #trx #xrp #DAPS #BTC #ETH #ada #pac #xp"
2018-06-07,"Excited to announce that you can now buy @GroestlcoinTeam on  with #BTC | #ETH | #LTC | #XMR . #cryptocurrency #cryptocurrencies #groestlcoin #instaswap #grs #bitcoin #blockchain #ethereum #litecoin #btc #eth #ltc #crypto #news #digital #exchange #exchanger"
2018-06-07,"$BTC #BTC

Bigger timeframes strong BB squeezes incoming --> more volatility coming up.
Finally!

Small timeframe: perhaps ascending triangle --> breaking $7.800 is first key.

Combined with strong bull divs on alts --> I think upwards breakout in max 5-7 days."
2018-06-07,"SEC Chairman: Cryptocurrencies Like Bitcoin Are Not Securities, but Most ICOs Are -
Advertise #ICO
 #bitcoin #news #btc #bitcoinnews #cryptocurrency #blockchain"
2018-06-07,"Understanding The Potential of The Miner’s Choice’ Initiative ...

 #fintech #cryptocurrency #blockchain #bitcoin #bitcoincash #btc #bch @rogerkver @PeterRizun @ProfFaustus @CalvinAyre @btccom_official @sbigroup @JihanWu @yhaiyang @huobicom @Bitcoin"
2018-06-07,"For the early risers in #ausbiz a quick look at the overnight action in #markets

Briefly:
#WTI +1.8% $65.90 (Venezuela)
#Copper $3.25 (+17c this week)
#SPX -2pts 2,770
#SPI200 -12 6,050
$EURUSD +0.25% 1.1801
$AUDUSD 0.7622 (< resistance)
#BTC $7,690 +0.9%
#forex #commodities"
2018-06-07,"Volume: As the symmetrical triangle extends and the trading range contracts, volume should start to diminish. This refers to the quiet before the storm, or the tightening consolidation before the breakout.

Reason for BB squeeze and calmth now.

$BTC #BTC"
2018-06-07,"According to my previous tweets! We will CRASH tomorrow. #bitcoin #btc"
2018-06-07,"Expression of Interest Phase is Live, 32% bonus ends in 2 days

Get in touch with us

#btc #crypto #cryptocurrency #bitcoin #ICO #fintech #Ethereum #IoT #coins #altcoin #stablecin #tokens #tokensale #crowdsale #preICO #Trading #investing"
2018-06-07,"We need to give this #market credit because since Jan. 2017, if you've been #hodling #Bitcoin, you're still 4000% up on your ROI. And #BTC is healthier than ever and I think that we're just at the forefront of what's really gonna happen when we see true mass #adoption.

#crypto"
2018-06-07,"$XRP is up +0.59% in the last 24h and is now trading @ 0.674 USD

#XRP #ripple #cryptocurrency #blockchain #altcoins #crypto #eth #btc #investing"
2018-06-07,"The maximum #discount period for our #Presale has been extended by 24 more hours. The #FOMO is real, You can't afford to miss:
Join here to enjoy 47% #BONUS
Keep up the support people, we're loving it! #HODL #altcoin #FUD #whales #ICO #BTFD #ETH #BTC"
2018-06-07,"$XSN - #Stakenet - new ATH $0.612492 / 0.00007987 BTC right now #crypto #altcoins #btc #ltc #xrp #eth #XSN"
2018-06-07,"Quick #btc update. I wouldn’t worry unless #Btc drops under 7,491 since that was the last higher low. If things were to continue as they are, which isn’t guaranteed, 7.55-7.6k is the lowest it will go. That big said, Remember the big picture. Previous 1W and 1M Analysis stands."
2018-06-07,"#bitcoin #cryptotrading #crypto #cryptocurrencies #BTC $BTC is a BUBBLE. Ops... It's NOT!"
2018-06-07,"HTML Bunker: a brokerage dedicated to @Htmlcoin is to launch in 60 days.

#btc #xvg #verge #trx #tron #rdd #reddcoin #htmlcoin #ltc #litecoin #digibyte #dimecoin #xrp #ripple #cryptocurreny #bittrex #XVGfam  #redd #paccoin #dogecoin"
2018-06-07,"the left&right ELECTORAL politics∞HD
#TRUDEAUism vs #TRUMPism etc
#VANPOLI #DTES #YVR #SANFRAN #BOTS
#NYSE #NATO #LSE #BEIJING #SCO #MOSCOW
#Ω
#AI #AR #VR #TECH #IT #G7Summit #ANON #M2M
#BIGDATA #TOPOLI #FOREX #BTC #WTO #ECB #GOOGLE
#WEF
#FINTECH #IoT"
2018-06-07,"I will choose 20 random followers to win 0.2ETH

Please:

1. FOLLOW
2. LIKE AND RETWEET
3. Comment your ETH address

#airdrop #bounty #freetoken #freecoin #bitcoin #ico #cryptocurrency #btc #crypto #Ethereum #giveaway #airdrops"
2018-06-07,"How does a #Bitcoin Transaction work? {Infographic}

#blockchain #fintech #BTC #CyberSecurity #DLT #innovation #cryptocurrency #infosec #disruption #Security #Crypto

[via @CBinsights]"
2018-06-07,"GET DOUBLE OF ETHEREUM X

Send 0.007ETH Get 2,000,000 ETHX.

Send donation to
0x369c100b9505B896221FBE71bdF36Cb7A604401C

RETWEET ....
COMMENT ETH ....

#ICO #Airdrop #cryptocurrency #crypto #btc #eth #trade #invest #token #blockchain #yobit  #vitalik."
2018-06-07,"Road to #Twitch Partner! My #Stream is #Live Now!





@TwitchRaid @ShoutGamers #Overwatch
#SupportSmallStreamers #Fortnite #Tera #Waifu
#Bitcoin #BTC #Crypto #Cryptocurrency #Ethereum #ETH #Litecoin #LTC"
2018-06-07,"10 best performing new crypto asset in 2018. Did you buy one of them? #SpectroCoin
#Particl #Neblio #Populous #Qtum #augmentors
#OmiseGo #icon #icx #tron #trx $trx #ZRX

#blockchain #BTC #fintech #finance #ICO #Ethereum #digitalasset  #cryptocurrency #blockchainnews #IoT #crypto"
2018-06-07,"Latest ranking, most discussed ICOs on Twitter according to the detection algorithm!
    1. @Theheartilab
    2. @Iagonofficial
    3. @Qurrex
    4. @Urunit_Io
    5. @Onlineio_
#bitcoin #btc $SURE $IAG $QURREX / QRX $URUN $OIO"
2018-06-07,"Acorn scores 5 Stars on @TrackICO
⠀⠀⠀⠀⠀⠀⠀⠀⠀
Check the rating here:
⠀⠀⠀⠀⠀
#AcornCollective #Crowdfunding #Blockchain #Bitcoin #ICO #Startup #FinTech #Ethereum #CrowdfundingForEveryone #Cryptocurrency #Crypto #TokenSale  #Tech #BTC #ETH"
2018-06-07,"Just curious how many #Crypto people are also gamers? - #poll #cryptotrading #Cryptocurrency #gaming #fornite #E32018 #bitcoin #btc #gamer #game #valve #steam"
2018-06-07,"Congratulations for all Clients,
All Intersted for subscription contact us Whatapp-number : +1 (236) 600-1466 #fixedmatches  #fixedmatch #realgames #bettingtips #win #gambling #predictions #bet365 #bodava #bettingtips #betting #soccer #news #unibet #paddypower #BTC #inplay"
2018-06-08,"$BTC Daily Chart.  Speaking of patterns to get out of, this better do something ASAP.  Clear bear flag on the daily.  StochRSI overbought.  Almost ready to issue a Yellow Alert for Bulls now.  But, the 10 ema is still holding on as support.  Bulls better move now.  #BTC #bticoin"
2018-06-08,"King TA FUDster's ""business model"" makes him ""right"" whether #BTC rises or falls.  Hold his feet to the fire by demanding he gives a TIME FRAME for when we're hitting $1,300.  Otherwise, his ""prediction"" is as meaningless as the one-sided bet @DougPolkPoker gave him."
2018-06-08,"#XVG technical analysis:

Is #Verge primed for a double bottom reversal?

#daytrading #Daytrader #btc #vergefam #xvgfam #bitcoin #tron #trx #ripple #xrp #eth #zec #crypto #cryptotrading #litecoin #ltc #cryptocurrency #cryptocurrencies #Blockchain"
2018-06-08,"Exciting #LBRY #news with this months Dev & Community Update   including news on the app redesign, #HardFork, #Jobs, @LBRYCommunity grant, #Chainquery & even a chance to #win $300
#Blockchain #CryptoNews #LBC $LBC #Bitcoin #BTC $BTC #FridayFeeIing"
2018-06-08,"Do you think #xrp will eventually beat out #btc ? If so, would you like to see us integrate #ripple into our devices? #Bitcoin #crypto #cryptotwitter #cryptocurrencynews"
2018-06-08,"@BitcoinZTeam @CoinomiWallet @StocksExchangeR @TradeSatoshi Better grab some $btcz now, ideally during one of the inevitable small dips as the price and volume are about to climb a surprising amount!

#buy2hodl #btc #btcz"
2018-06-08,"I hope #btc goes to the moon so we can all become wealthy."
2018-06-08,"It’s funny that many alt coins have almost identical charts as #btc yet nobody is calling a bear market continuation for them. Bitcoin is about to pump, alt coins are about to pump. Can’t we all just scream moon together?"
2018-06-08,"What most people don’t see when they look at the #btc chart is the “invisible floor” of hodlers. We should be asking this: How many hodlers have we gained since December? Don’t focus on the new weak money that entered the market. Focus on the strong money that is accumulating."
2018-06-08,"Did you hear about our $100M deal with Comp Air Aviation? They are building the new XTF jet, available for domestic purchase.  …  #ico #crowdsale #cryptocurrencies #blockchain #crypto #bitcoin #ethereum #btc #eth #token"
2018-06-08,"Bitcoin Punk Rock Range. Rebels of the past meet the rebels of the Future #btc #bitcoin #cryptocurrency"
2018-06-08,"win REAL ether! yes you heard it right! you can win ether by just playing chibi fighters!



#chibifighters #token #Ethereum #ethergame #cryptogame #btc #Blockchain #investment #cryptogaming #duel #contest #giveaway #ethergames #free"
2018-06-08,"Listen. #bitcoin is my store of value many halvings down the road. Therefore #litecoin is my originally what bitcoin set out to be. They're a compliment to one another #coblee #dragonballZ @SatoshiLite #BROTHERS #ltc #btc"
2018-06-08,"I have a feeling people are going to wish they longed #BTC under 8k soon."
2018-06-08,"#Thankyou for being in #Crypto #Retweet #Follow and #Like any of our #Giveaway #Tweets for a chance to win #coins #Bitcoin #Litcoin #Neocoin #Etherum #btc #ltc #eth #crypto #free #win"
2018-06-08,"$Linda will become one of the #crypto comeback stories of the year. The #webwallet is going to be a game changer. You might have missed the boat with other coins but you still have time with $Lindacoin! #btc #ltc #eth #trx #eos #TRX教団 #xvg #eca #xrp #xlm #poe #cryptocurrency"
2018-06-08,"I will be doing charts request tomorrow night at 7:00 and maybe even a Live YouTube session if everybody wants.

#BTC #ETH #LTC #altcoins"
2018-06-08,"Absolutely No repaint! you can check here :
#forex
#trading
#trade
#bitcoin
#crypto
#cryptocurrency
#cryptoinvesting
#CryptocurrencyNews
#btc
#news
#EXCHANGE
#altcoins
#finance
#investment
#stocks
#investing
#ethereum
#ICO"
2018-06-08,"Yesterday was absolute proof that news has -nothing- to do with the #BTC price. Remember that and learn some TA."
2018-06-08,"The G7 summit could cause some sparks in the markets.

#markets #trade #tariffs #trump #G7Summit #G7 #economy #traders #metals #stocks #forexsignals #blockchain #emergingmarkets #commodities #prices #stock #WealthManagement #financialplanning #wealth #btc"
2018-06-08,"51% attacks possible on bitcoin? if yes, then who will believe in crypto? then this next big thing is not actually it is! #BTC $BTC #bitcoin"
